0,1,2,3,4,5,6,7,8,9
7.877749058,-8.239732635,3.150564274,9.86607362,4.34481506,-8.329077424,-8.755110713,-5.504619515,5.362006991,-9.444739298
-4.093306985,5.652406142,-2.042720955,-3.281689843,-3.255762121,1.39143577,3.413621007,9.013907668,-0.051672586,-2.563328035
-6.726987378,5.646414981,-1.603482508,-3.011861972,-2.741693836,2.567450137,4.471239458,9.752533394,-1.618094582,-4.219004886
-7.056617252,7.052574366,-0.684245733,-3.673012257,-3.451182759,3.258451745,5.874246138,9.528060976,-0.009410795,-2.868537944
-5.718558335,6.471730175,-0.836359717,-2.812731725,-2.663502761,0.044442888,5.203665003,9.93100769,-0.376446763,-3.101860894
7.200999475,-8.441713669,1.900667622,10.14047831,3.525059166,-5.974192342,-8.029966128,-6.831647807,6.547229461,-9.098923405
6.868750211,-8.722868084,1.654777827,9.338441633,3.428156969,-7.097693463,-9.325109228,-7.235608781,4.739790786,-10.33200596
-6.406279593,5.066473756,-2.048264184,-4.729867416,-1.002079531,3.076255208,6.009364724,10.6129697,1.380240354,-3.928851932
5.606458465,-8.372679413,1.615304741,9.793504145,2.709522218,-8.605258629,-11.21204298,-6.226576399,4.954075945,-8.700059313
5.96097127,-8.324908858,1.767011335,9.963408968,2.47180497,-7.703970519,-11.14863995,-5.533002167,5.766734026,-8.412631351
6.104777057,-8.478398984,1.671753411,8.639688538,3.501562307,-7.758080898,-8.884273897,-6.93186092,5.552333693,-10.11488648
5.729613856,-8.633669301,1.171775557,9.494894157,4.888542255,-6.747963479,-9.537012504,-6.505127456,8.164944071,-10.47893909
5.44503726,-10.76957042,1.291385486,9.530903452,2.746595999,-6.857068116,-9.686221291,-6.11024943,5.678841346,-9.67795613
-4.975372749,4.983002336,-0.53901726,-3.016836105,-2.789461889,1.408154491,3.779453612,9.629952001,-0.487211028,-3.310263791
5.32532661,-9.478285183,-0.334202196,9.21481202,2.580631702,-7.514215848,-9.177591647,-7.656444603,5.919149796,-9.268824972
-6.303267906,5.726773622,-1.777376921,-1.309616594,-3.378946507,1.45401736,4.256922852,10.64272315,1.234234312,-1.635626594
6.635128972,-9.90588813,0.625087493,10.19942783,3.808548242,-7.283445311,-10.4687416,-7.553828639,6.464271106,-9.824454875
-5.571691892,5.967974903,-0.186755387,-5.102954939,-2.053211893,1.86552956,5.864344949,9.433472677,-0.038853536,-2.264093003
7.117168438,-10.1233039,-0.039014283,10.7670487,2.56968388,-7.69182207,-9.736385279,-8.748462758,5.616531696,-9.499333844
6.110437064,-8.129252684,1.097519926,8.306227319,3.096308601,-7.999175792,-9.606806509,-7.301546296,6.153789282,-10.2414202
5.978899038,-9.171460713,1.059898704,8.581347566,3.986024953,-6.960807859,-9.411663465,-6.868024047,6.161370116,-6.867889554
-5.411165404,4.698084401,-0.658564024,-4.035737185,-0.816715487,4.288791097,4.048460704,9.506222837,0.371147971,-3.246305424
6.296779746,-8.922964771,0.460825065,7.981781293,3.750430118,-7.881119239,-10.93566914,-6.830013137,3.547127039,-8.829938806
-6.936366858,4.21640023,0.092742758,-2.744704622,-0.941577615,2.149508505,6.554684519,9.031759391,0.403632377,-2.656212696
6.615523762,-8.338235067,-0.700328883,8.984204218,3.948171704,-8.066088231,-9.794257777,-5.693664109,6.059309121,-9.239318476
-4.985512895,6.051223124,-0.998759818,-3.383136318,-3.672799539,1.840863768,6.405080722,10.53498214,-0.586636564,-1.84889139
-6.749984261,3.922849922,-2.37367314,-2.080546064,-1.368689608,3.407173573,5.078881791,10.21407418,3.307773219,-5.428865966
-6.224438957,3.904279734,-2.618753179,-2.899901468,-2.262884088,2.921765229,5.724157311,8.117037065,-1.646415546,-3.816140648
-5.132922262,5.199738522,-1.612524004,-5.893552395,-2.942439971,3.132303969,4.798579483,10.37083943,0.801850652,-4.591908157
-5.449212632,5.852359143,-0.375325417,-2.929588421,-3.41962103,3.421803028,4.869424984,10.26161951,-0.407860584,-2.271370523
-4.728955452,7.722267254,-1.952861274,-1.828431257,-1.399976187,-0.152442319,4.334793702,9.618703056,0.195765125,-2.706682792
-6.048267582,6.244165857,-1.254301188,-3.028990141,-0.761196392,1.771719284,5.89370643,8.995891429,-0.692363823,-4.014690298
7.985107437,-10.02624541,1.032076248,9.305212598,2.025700427,-7.513123072,-9.73001224,-8.207555535,6.426353408,-8.508615866
5.84409966,-9.079156573,0.031057394,7.958313369,2.211674125,-10.21372631,-9.127544642,-6.35218269,5.010720913,-9.439774997
6.28424091,-10.43672725,0.450926109,9.613224618,2.601939296,-7.118801594,-10.7244926,-8.284150811,5.447858451,-9.615951834
-5.181262747,5.554512322,-2.362496075,-1.978375099,-1.823188463,2.573384474,5.852370444,9.868657236,-0.698587825,-1.233000116
-4.387088417,5.541038856,-2.242138045,-1.865027363,-1.822729219,2.824353698,6.800286926,9.493979469,-0.100852038,-2.154221692
7.237582155,-8.415233863,0.983326384,10.07396356,3.882599635,-9.624250167,-9.504601094,-7.762124864,6.650295408,-9.038551438
-5.725293327,5.763193807,-1.617503821,-3.544854324,-2.677294541,0.725001082,5.900878607,9.207187335,0.8997759,-2.472435385
-5.18923697,5.713983312,0.276933789,-3.161272277,-1.62725895,2.557511274,5.684190429,8.763890306,0.493398088,-3.060252953
7.781915844,-10.92983692,-1.182551427,10.02147471,3.923942129,-9.040786309,-11.08571332,-8.326621239,7.253978263,-9.646992646
-6.248224979,6.070879864,-0.210730486,-3.835396099,-3.295566817,1.577534659,4.444906492,9.082498275,-0.704095134,-4.227672813
-6.000834238,5.66127507,-0.056186598,-2.865613934,-1.495357775,3.413772225,5.939376317,8.968935331,0.597344161,-3.168158355
-5.345516294,5.725942419,-1.45866707,-2.988282748,-3.185170288,2.154386839,5.206682945,8.537761219,0.556909634,-3.878131457
5.13323181,-8.67573354,-0.458792998,8.772058965,3.688458583,-8.325964576,-9.96398085,-8.50300062,5.190824389,-7.729108203
7.655977561,-9.730186944,0.973765668,8.589554972,4.411111014,-6.567658442,-9.786041078,-6.343517014,7.299944141,-9.535352167
-5.253804188,7.278356613,-2.012457693,-2.541520593,-2.788423705,4.098104601,6.677713072,8.346381821,1.773484727,-2.942179758
-7.55847014,6.11609337,0.055697594,-3.569680298,-2.343760554,2.263173942,4.416691932,8.11154395,1.095627817,-3.198246638
6.848397192,-10.28521867,-0.162212971,7.301387545,4.742172538,-7.169714184,-11.91698355,-6.950074693,6.900143255,-8.1848598
-4.011846003,2.672805531,-0.48826359,-3.517028214,-3.045427242,1.596917463,4.78598704,9.895369474,-0.006264527,-5.025708109
-5.771807117,5.178652362,-0.14272374,-1.284047965,-2.344273705,2.389575347,8.530327569,9.743889193,0.419368541,-4.178773953
-5.681564405,4.249211655,-1.944273584,-3.608645294,-3.358873403,1.74285815,4.782440919,9.750832256,-0.733908507,-4.313063756
5.890860759,-7.654665508,3.178563471,9.451749652,3.465432797,-6.936760515,-10.86461436,-7.461064502,3.644689266,-9.262431201
-5.93327343,7.173444597,-1.634844455,-1.979849434,-1.806566048,0.890624546,5.034118605,7.824597225,0.792226001,-2.67169331
5.606652286,-10.26490453,2.030826913,5.489014842,2.50794026,-7.069784891,-11.12232787,-5.074213876,3.45612492,-9.341584326
4.498900422,-8.448715212,0.243736092,9.049523589,4.012293728,-6.981750062,-12.16790764,-8.304591826,3.027288851,-10.27054585
5.768982293,-9.740470986,2.824194005,9.107184268,3.325877299,-7.746129492,-9.882524934,-6.935166248,5.715056124,-8.776472513
6.709946634,-9.883161918,0.41139137,7.878445898,3.977606804,-7.706438954,-9.211632948,-6.005384165,5.765049556,-10.38033466
-6.752613447,6.432886249,-0.976023686,-2.590820661,-3.96383781,2.200197611,5.63773315,11.65382593,0.866106652,-4.245666069
-5.336224193,6.030447789,-1.319883236,-3.234228287,-0.182455811,0.972183274,6.158145566,9.497284142,-0.577576811,-1.988346288
6.210238404,-8.595565242,1.043367412,10.22284712,2.992200177,-6.763891266,-10.29786658,-7.85437056,5.428503505,-8.100650508
-5.013575669,5.919669467,-0.721231555,-2.508562253,-2.81986709,2.653573772,7.59674059,8.52246549,-0.781975312,-5.324601599
-6.487582685,4.16335083,-1.66901065,-1.391767957,-4.190951348,2.89456172,6.583391301,9.843159646,0.207963271,-2.526100741
-6.626604854,6.800439436,0.424411037,-3.434805042,-3.549037042,2.69385621,5.506213005,8.330824962,1.250123705,-2.031497742
-4.585539432,4.403039561,-2.435458001,-4.254245099,-1.729060637,2.892292005,5.501998455,8.607526523,-0.612639585,-3.625566525
7.167028677,-10.47968258,1.919552424,9.307775172,3.225467995,-7.054889525,-7.922099925,-6.930169458,3.637733895,-10.07191874
-6.074170075,4.236252528,0.161903372,-4.621225571,-0.012761271,1.970079278,4.769932077,9.613418408,0.515986702,-2.200347085
6.203736968,-9.092685505,1.679350664,8.575919302,3.153649608,-6.753052436,-10.71343747,-6.986524716,4.271241118,-6.52897045
5.273907276,-10.4295848,2.042606289,9.399968793,3.429823219,-7.65156088,-10.10469947,-7.358212656,6.364279086,-8.75958453
-6.477083133,6.664066177,-0.743987534,-2.018907591,-1.491042967,2.35220478,7.357742218,8.754265984,0.721564228,-2.777821416
-6.127748592,6.169851515,-0.072541337,-4.262679223,-3.088788106,1.381575684,6.239493459,8.591159919,2.082783022,-4.317181343
6.355294345,-9.628364422,0.77880525,8.898318491,3.177259698,-8.227705356,-11.1513297,-7.941954354,5.719791751,-8.804662352
-4.619179624,5.636329895,-0.43788171,-2.277814422,-4.8248523,2.396064893,4.615397712,10.25993572,0.352221029,-4.043333806
-6.203710851,5.905015321,-2.37310393,-5.351274162,-2.587962797,2.954066317,5.172634229,9.687042795,-0.191477947,-2.757406412
-5.587041977,5.928296796,-0.525355799,-4.827728222,-2.121107014,3.412505573,5.72902579,8.786594761,-0.940605796,-4.051807215
5.962779176,-9.977261571,-0.026546347,7.958621562,3.522178042,-6.659708422,-9.98109447,-7.507237363,6.803229119,-9.983003646
6.408693866,-11.29235586,0.830825931,9.443618479,3.414738952,-7.411255955,-9.470087616,-6.36065093,3.892451738,-8.182632783
-6.055638938,5.656071903,-1.562389047,-2.065699863,-3.239837909,1.106016925,3.843263254,9.030265531,1.052595974,-2.524985311
-5.851288526,6.30155416,-2.065295578,-3.703256587,-1.53495103,3.517743626,5.658500147,9.470590299,2.179049461,-2.078609197
-5.411941651,6.175884372,0.819253515,-1.752084434,-1.399453353,1.127571846,4.387397892,10.58710001,0.952032819,-4.27064936
6.60595459,-9.275274239,1.586610161,9.086788498,4.711930453,-6.975766622,-10.27102916,-7.307247644,5.672207047,-9.38861225
7.568102243,-9.158075724,1.421384457,9.833166401,2.246828706,-9.175418731,-9.533965343,-5.895915191,6.041716113,-8.862052426
-7.447358437,4.569429986,-1.171635729,-3.821723219,-2.30825875,-1.240895918,5.24911414,7.80596118,0.579751245,-2.619504803
-7.393161,5.877301897,-1.482975846,-0.921527696,-1.004311486,2.95789115,4.668436054,8.961539617,0.119882824,-1.886595951
6.428014151,-10.28537003,1.466305972,8.243832237,4.31327608,-7.49329751,-10.07266763,-4.695990926,5.756865384,-11.51296928
-7.304247155,4.888381359,-1.06092845,-3.235881372,-3.033509628,1.836229633,5.646104451,9.990098396,0.082851585,-2.289000218
6.433391336,-9.202325725,-1.460814744,6.873065399,2.763859996,-7.863130786,-9.278090315,-6.679554905,5.888426185,-9.004905561
-3.913843919,7.012951755,-1.907512397,-2.246889566,-2.40056812,1.69385628,4.818994156,9.424982932,-2.001900106,-2.59625901
-5.504892285,7.895670865,-1.456129634,-3.208257075,-2.852169543,2.339258728,5.951252244,10.76719629,1.401596465,-1.583898331
-5.817660935,3.885681067,-1.621618015,-2.286337508,-3.412922273,1.034969618,4.953272584,8.768015887,1.170730768,-3.601248997
-5.763414155,5.909422097,-1.177632517,-3.103965619,-2.943385774,1.730189365,4.43520619,7.693758942,1.566428337,-3.956937145
-5.535998396,5.688929714,-0.994606903,-1.956243588,-1.529369026,0.713407715,5.35633581,10.00314787,1.400629912,-3.173377976
5.628468209,-10.95748672,1.783991594,8.061246916,4.8569741,-8.878093148,-9.924920423,-7.933675907,4.934305001,-8.001271434
-6.932350304,6.400548782,-1.520347133,-3.124224784,-2.601171998,1.716052208,6.604669324,8.785203404,1.506293892,-3.253444821
6.13382911,-8.319313595,2.113873801,8.842737914,4.456863269,-10.47883606,-9.927552679,-8.367993004,6.245238194,-8.634351822
-5.437541032,7.196993678,-2.385973558,-2.453678579,-2.346255476,3.382153819,4.788747208,10.59174345,0.861564408,-2.726997834
7.542899515,-10.27439868,0.401886394,8.412512406,4.816093745,-8.406083647,-9.720012673,-6.436694772,4.946798001,-10.7706639
-5.152001039,6.168169375,-0.475785763,-1.338933103,-2.578020241,2.814736032,7.555691543,10.59852923,1.214911783,-1.917373765
-5.417368435,6.546694566,-0.566266877,-2.386688312,-2.170600247,2.514314579,5.853302389,10.75311075,0.758192976,-2.306866612
-6.690977656,6.136600748,-2.574247204,-3.768320797,-1.68794544,3.131774317,5.609485159,9.724684553,0.681074068,-2.977311935
-6.719089584,5.177744424,0.480834455,-2.827781912,-0.653025021,2.020932902,7.597388742,9.174872101,0.078448092,-3.076282121
5.280268803,-9.050839016,1.428378142,8.777545607,2.453999962,-6.886222848,-9.731601734,-6.460629493,5.713685421,-7.713132125
-7.343010711,5.97025174,-2.320263713,-1.844127507,-3.22336635,2.854703723,4.543343571,11.28153956,-0.249880439,-2.713794375
6.552928562,-8.397192939,1.056462636,7.882149982,3.941795823,-8.164091314,-8.418932706,-5.909823906,6.49366597,-9.451734811
-5.580546974,4.4305898,-1.950365982,-3.291958495,-2.090521917,2.984715492,4.77784318,8.066949432,0.653142484,-1.928593854
5.447987499,-10.51436612,1.874784325,8.773786867,2.41641664,-7.331373593,-10.62737312,-7.668085437,4.308731655,-11.59379715
-4.484513064,5.633649018,-2.026735389,-1.869916181,-0.732677996,1.482068159,4.353332516,9.187917442,-0.337862488,-3.640095535
-4.95961454,5.54378936,-0.610033781,-3.385318802,-3.421826587,1.527950229,5.227820071,8.020955971,0.554519432,-2.24434504
5.719002362,-10.37399522,2.201194776,8.224493171,3.538216614,-6.719492757,-8.635382233,-6.523969328,6.389214197,-9.276569514
6.999151442,-9.582000473,2.161313959,8.671789017,3.348841728,-8.276097572,-10.81032167,-6.481684574,4.002346438,-8.186358098
7.537380412,-10.53016959,-0.594298679,9.30863443,3.707066178,-8.91206056,-8.906737539,-6.339237124,3.683999937,-7.543816463
-5.826105825,5.430171498,0.288599296,-3.725212732,-3.128865605,-0.035683202,5.021733356,9.097403534,-0.999694458,-2.2585299
6.395515991,-8.927839697,1.291901666,8.644320401,5.103755831,-6.462193251,-10.63877592,-7.73731362,6.161972541,-7.346578308
-4.236407961,4.17809131,-0.785619843,-4.843106065,-2.799921677,1.532267297,4.760794613,8.448702605,0.833150775,-3.665605032
5.74887612,-9.799846509,0.982844171,7.99247641,3.044134023,-7.237049889,-9.349551963,-6.407931554,5.936380528,-7.651684869
5.65034866,-9.289253602,1.455626457,10.68708578,2.249867923,-6.683540413,-10.35778011,-6.655753127,6.681321412,-10.14697444
5.5148219,-10.18727916,-0.767381585,9.448078512,2.891913491,-8.68131656,-11.07015467,-6.457965645,6.88873229,-7.938058059
-7.695205525,6.382844873,0.054558953,-3.16854615,-1.749873723,3.537594456,6.477567446,9.449338023,0.000737364,-3.970619315
4.6739778,-9.16714974,1.390001857,9.997945644,4.774868064,-7.13027893,-8.072312324,-6.923519595,6.166420433,-8.727371867
-7.104007229,5.768384987,2.828115282,-1.506198292,-1.899848856,3.476098525,4.920960821,7.111222816,-0.885502476,-2.16394602
4.129991808,-9.914841459,0.481430772,8.833348229,5.469111599,-8.737515689,-9.94657765,-8.292320979,4.453899213,-8.111704954
5.046397296,-8.085616328,1.179250922,9.957869742,2.220596713,-6.448398702,-8.143227471,-9.584084743,6.228700904,-9.685373275
-3.904110938,4.42976996,-1.774240083,-1.872712449,-2.618317838,1.517951113,5.866775852,10.69194362,-0.373344513,-2.06065533
4.258951246,-10.43228534,1.936000907,8.649264759,2.802703799,-9.975007433,-9.134889511,-8.125836476,5.049863572,-9.574053603
5.785238634,-9.447966356,-0.169348311,8.711513039,4.342270878,-6.543594847,-9.731714093,-7.155400546,6.312070851,-7.758532504
4.752883616,-10.11178489,0.943521572,8.834058224,4.883048968,-7.2292095,-10.3726104,-6.449812201,5.40402192,-8.291307331
-6.341279214,8.235015962,-2.472283672,-3.430897261,-4.06678768,1.21295341,3.075938172,11.48295329,0.875694152,-2.943563995
7.269597691,-8.622264893,0.863577629,9.829508447,4.888561096,-8.853584185,-9.209847231,-6.349606812,6.500090214,-8.171217917
-5.971287749,3.580763716,-1.864585604,-1.428062297,-1.919899585,1.873138611,4.740073863,9.820457152,0.197733188,-3.363577021
-5.233236412,6.1495507,-0.919966921,-3.89261818,-2.820701976,2.237795008,4.256696211,10.04759225,1.166741134,-1.897837209
-6.702376592,5.467019734,-0.581572843,-3.017842992,-3.386718934,3.524029121,5.075049312,10.02789163,0.536800608,-4.851073765
5.225413002,-9.703992658,1.101542362,8.574829676,4.526758396,-8.365669274,-11.66824252,-6.88001755,6.212644789,-9.492038228
6.376934988,-10.46270495,0.141911538,9.502974544,3.407117346,-7.804981986,-10.21554486,-8.34003203,3.791413336,-7.799156452
-6.018880361,6.111090965,0.157107375,-3.412408237,-1.333811187,3.600382299,5.638643721,10.8086815,1.640748208,-3.662373837
-5.031133535,3.668722718,0.353513988,-2.386532044,-0.721016423,2.787215893,5.866456972,8.208181514,-1.140576809,-2.102774791
5.097476274,-8.83313462,1.640710097,10.75178634,3.596663037,-6.766104104,-10.07217295,-6.354591215,6.730695677,-9.732045264
-6.358962654,4.999173293,-0.897444901,-2.690124087,-3.600934156,1.183522469,4.631791593,9.663748743,0.541482725,-3.044277108
5.318202584,-9.047507079,1.42468845,8.921814722,2.277377529,-8.134789197,-7.688716507,-7.626407439,6.754875316,-8.903898327
7.075496584,-8.714484581,0.168758265,10.35924371,2.945762846,-7.457246099,-9.633808692,-4.93737923,5.059839969,-8.601054531
6.930836543,-8.130806175,-0.881430258,10.91643811,1.123392005,-8.19293041,-8.133414713,-7.975706106,4.545797227,-10.03313251
-6.388206034,5.518359314,-0.601863231,-3.610998365,-2.827772137,3.374722637,5.22376286,8.103950923,-0.15820871,-1.373808758
-4.90680906,6.080680744,-1.669738259,-4.752319385,-1.847357196,1.957410739,6.840873949,8.493832489,1.330267253,-1.690536882
-7.894312187,5.611705448,-0.706522362,-2.586200068,-2.451930331,4.129709492,5.136808072,8.851004939,-2.135641078,-3.020608426
6.095357242,-8.536306683,1.711745151,9.937607363,2.122195258,-6.465031247,-10.73962299,-5.690107028,6.266914197,-9.690155419
6.043828309,-9.154866873,1.03319617,9.45995862,3.228056173,-8.260425619,-7.416893565,-7.355473165,4.459896701,-9.57577035
4.471547574,-8.191179297,2.091922297,7.81304934,2.745625114,-7.386049638,-10.29806207,-5.870811333,6.408220492,-8.313057201
6.470284727,-10.80889018,1.948041214,8.54253883,3.079544426,-6.677715866,-10.54407683,-6.715883111,6.917783354,-9.532127615
5.417970043,-9.874527797,0.465574701,8.171240355,3.076279965,-5.658200949,-11.38640984,-6.994291357,5.141247592,-7.927449195
2.985283148,-10.2316732,1.610231041,10.99548484,6.706522103,-6.685272912,-10.89817947,-7.272435554,6.49040293,-9.106041833
-6.727032268,6.29928473,-1.351994187,-2.627527929,-2.410599483,1.101466347,4.802486549,11.93222798,-0.249204976,-1.410035437
-6.642400042,4.816606406,0.421672182,-5.054998722,-2.075234757,2.522708547,4.50355523,9.574815788,0.438082541,-2.138976102
-5.574114279,5.838753746,-0.92547092,-2.903887832,-1.559250448,3.325170632,6.033635733,9.119464933,1.254445422,-4.059974166
-8.499366483,4.368145092,-0.806532018,-3.677978916,-3.244470095,1.407828263,5.056851797,7.882570478,0.385423507,-2.774799201
-5.143531973,6.412193072,-1.202863075,-2.310145924,-2.779683746,1.738471864,4.153417286,10.50219901,0.197894988,-3.575475998
-3.756463368,5.334804988,0.220210114,-2.198604085,-0.434644454,1.176626392,6.713755013,9.457741034,1.191371,-1.613148596
7.125556993,-10.91401461,1.763926443,9.121599934,3.763075369,-6.93726866,-10.74912688,-7.154264583,6.806937854,-10.39113875
6.589800821,-8.740005996,0.115558319,9.236213503,4.758291037,-7.852423243,-7.489146396,-7.473115447,6.235187085,-7.712331313
5.27032667,-8.726806027,0.205144729,8.781883456,3.25624142,-7.238831396,-9.238479426,-7.329205914,6.02491195,-8.443745021
6.099208581,-10.26184052,2.213723815,9.026445868,5.562479005,-8.533643268,-9.014716589,-6.420247254,6.262136511,-9.131788368
5.539505233,-9.451089719,1.769356027,9.762517296,1.936171773,-6.951911178,-9.826696602,-6.566822212,4.455871948,-9.054170626
8.218775065,-9.101354429,0.647347185,9.003125219,2.552557021,-8.368352728,-8.248495059,-7.777546082,6.539211245,-9.252779875
7.423553856,-9.917234533,1.395864064,9.733481425,4.377376686,-7.187113635,-10.60942612,-7.131982134,5.264968597,-10.08032768
5.82278774,-10.287915,1.282160412,9.813961399,3.022271797,-6.692992028,-10.12016402,-6.699707657,6.518737307,-9.507901727
6.749047833,-7.785335016,2.413016683,9.897266848,2.559989343,-8.303956631,-10.04640025,-6.632487453,4.237789908,-6.744432548
8.310835425,-9.426535316,1.692445817,9.641891266,1.529440385,-5.947878842,-9.336598833,-6.537132559,6.538267381,-8.376012303
5.236071223,-8.46098648,0.487561568,10.37720322,3.676044075,-7.035492643,-9.766464106,-5.922567097,5.823798287,-10.07788473
-6.898330074,5.268995213,-0.954701717,-2.278575786,-1.590866003,0.940426692,4.690521527,8.835554785,-0.238777985,-2.51317385
-6.99253436,5.470104231,-1.716643216,-4.331439701,-2.878226303,1.090488661,5.04105418,10.19941912,0.55404801,-4.83340039
6.264501098,-9.869168289,2.736802498,8.91972616,3.705445345,-5.391695654,-8.790854013,-7.423933096,5.902449066,-9.322593021
-6.6766786,5.013735862,-1.406572063,-1.898528972,-2.959236702,2.923189069,4.175653236,9.423345027,-0.330936751,-2.583311478
5.664066038,-9.441248726,0.629405305,8.456472016,3.549416623,-7.297230782,-9.459976211,-7.219475012,6.179670569,-9.935152284
-7.087453758,5.537445143,0.310246449,-3.308382683,-2.945978041,1.373872457,5.072845866,8.135125023,1.265402327,-2.843625645
5.216877507,-10.37232874,2.430236513,9.472336227,4.79690426,-9.151719804,-8.507323865,-4.179324987,5.866357742,-6.971408243
-4.66170931,4.598631736,-1.652215607,-4.394543675,-2.134125702,3.407291049,4.910154324,8.630351144,0.652531171,-1.690431134
6.835323777,-8.247025124,0.049940628,11.25949474,4.374858257,-6.715557853,-12.13049037,-6.795240033,4.298185711,-8.593681893
-5.988515646,3.941388895,-0.409744652,-2.493212391,-0.804811582,1.491395443,7.962181241,8.551391596,0.539233283,-4.14341174
-5.568392384,7.25867603,-0.815750173,-2.873615107,-2.86256453,2.434864853,6.156353068,9.504473512,-1.313966258,-3.507132802
6.44913781,-8.968398026,0.485316947,8.785725509,4.064333756,-8.285493884,-9.164550728,-6.860933333,4.706460351,-9.422854283
6.284038396,-8.011293972,-0.470915967,10.4863939,3.486437814,-6.429365079,-9.642079132,-5.656008349,4.220945098,-11.0500938
-5.696615628,4.89889974,-3.488071658,-1.997559593,-0.675497584,2.446993663,6.932390458,7.601213273,0.420787233,-3.341491303
8.09785885,-10.01654017,-0.745857328,9.802894646,2.183367736,-7.926222772,-9.657237562,-5.9433224,4.707164116,-9.198132339
5.748767601,-7.727344629,1.035108971,7.999152534,4.135746233,-7.195686322,-9.65588435,-5.934166644,4.901837668,-8.705595745
6.604123706,-10.16941092,1.335611746,10.96466263,2.58365095,-8.557397161,-9.918270161,-5.293898015,5.015832959,-8.641970567
5.194187983,-8.476889171,-0.892404947,10.23185022,4.285880487,-7.297891215,-8.916021441,-8.04870127,4.271636103,-9.006828562
6.268890312,-10.07048008,0.679091281,9.769078794,5.374722706,-6.754521011,-8.797079001,-6.845015837,6.911691325,-8.532005834
6.04479328,-9.103078129,2.042204736,6.585095688,4.811689163,-7.538454577,-8.841892225,-7.664962728,6.175227891,-9.079959879
-6.450277108,8.165325129,-1.134021542,-5.072439456,-2.752555156,1.162230619,5.148818476,10.28627703,2.075667876,-1.291849089
-7.250137713,5.776005497,-1.124775532,-3.836389822,-3.538261881,0.933464509,4.843006619,7.076952662,0.396943965,-3.968501243
7.037738515,-9.345505249,3.236375564,10.76545675,3.536160159,-7.078490332,-10.00670229,-7.437209123,5.18905745,-10.10666373
-3.840350771,5.522090271,-2.23240719,-3.016084877,-1.393793259,1.200873712,5.831412443,9.834627834,2.254590677,-4.702243616
-5.28916898,8.342833715,-0.882083344,-2.714025146,-1.742404274,0.87763927,5.151111471,9.024361077,1.549461243,-2.993013276
-4.876558065,6.492399217,-1.499744394,-3.949623644,-3.785997878,2.100174443,3.76251221,9.513459734,1.083744645,-3.128414886
-6.403677149,5.658242983,-1.203913611,-1.820893019,-2.932184141,2.240215657,6.75561039,8.847901614,-0.156969833,-3.072097831
4.990592591,-9.21823729,0.224669673,10.62085729,3.615103252,-8.468362076,-10.00443251,-7.345158784,5.9856364,-8.740876778
7.247453343,-8.433980628,1.359734524,8.804362132,2.510586108,-8.0471004,-10.46370083,-6.918172741,5.234447155,-8.857204247
-7.857523096,5.245333917,-2.240220654,-4.665170838,-2.559219913,2.401214191,6.091322384,9.594223932,0.411843132,-2.715013023
-5.962513137,5.466220106,-3.443107973,-2.677820869,-1.048814215,-0.256820535,3.476265233,9.657789283,0.66058241,-2.803309288
-2.818652193,6.949864167,-0.928098545,-2.745675873,-2.044145869,2.652602791,4.202100811,8.157025534,0.514633644,-2.938912679
4.87808807,-10.96558486,1.031438332,8.296494696,2.728398056,-7.630236954,-9.274067022,-8.881655151,5.297777404,-8.625874305
7.398269565,-8.986541079,0.967614002,8.85774141,5.230201063,-6.688797251,-10.18780147,-7.137370539,5.07468088,-11.10372569
5.949288056,-11.69423823,0.379033329,8.258677612,1.782095651,-7.133070748,-8.714662707,-6.874279654,4.909032432,-8.402308948
-6.012699529,6.310530606,0.543441856,-3.772556323,-1.627372413,0.299248876,4.973995895,9.920779427,0.365386613,-2.704662386
-6.806893541,5.783459922,-0.652183116,-1.262274021,-1.50395249,2.537957543,5.467000583,8.579313162,1.306657778,-3.383738908
4.139990499,-7.782248256,0.516184348,9.976493548,3.596059567,-8.234107695,-9.849191664,-8.495137675,6.210857975,-8.402852596
5.227802255,-8.150749641,1.163500879,9.955320229,3.544038154,-7.230581766,-9.011236666,-6.923792495,5.400178637,-8.765757441
-6.774928251,5.367944671,-3.779816762,-3.322078638,-1.973289655,2.022816499,4.698014739,9.565073802,-0.891772503,-2.768651978
-4.955648061,6.349728924,-0.173619806,-2.623829926,-2.940002222,1.400859653,3.574251991,9.303367416,1.99726609,-3.061452536
5.522849526,-8.261880566,0.374455754,7.86192996,3.910520931,-4.615262806,-9.929801313,-8.594734623,5.382708207,-9.270510078
-5.66975698,5.201675632,-2.777645613,-3.385667205,-0.707321553,0.640086526,6.489282076,8.200774555,-0.46685662,-1.003647139
-4.305911934,3.648445332,-2.128094721,-2.385532345,-2.759676532,1.338025533,6.257885604,9.89711317,0.209333696,-2.839987769
-8.234263966,4.317739863,-1.841396025,-3.379498806,-4.099692757,1.248360322,5.16223372,9.830326725,-0.39663795,-2.800039993
7.898911741,-9.425255909,1.480855276,7.843021136,2.634057195,-8.509139998,-10.46285124,-5.740495763,5.848956887,-9.16438256
5.951922652,-10.3384597,0.021449215,9.650259254,4.209232852,-10.32791286,-9.647679942,-8.043644998,7.263872939,-10.21810671
6.847318155,-9.233587574,2.124373416,8.028437933,4.953381221,-8.209562119,-11.32790589,-5.465066601,5.128780896,-8.901428718
5.299677455,-8.730564882,1.635346222,10.54405329,2.974998931,-9.059130211,-9.394621957,-6.722626542,5.727419085,-6.904375268
7.153507703,-9.693132128,1.590821168,9.213774827,4.684318272,-7.151797863,-11.22629086,-6.471381421,5.24603027,-9.200870977
7.46182473,-10.6815874,1.279681719,7.851512657,3.429243854,-7.092177364,-9.892246753,-7.106780984,4.749871423,-7.373350354
-5.213349421,5.716736475,-1.840900137,-2.583034888,-3.843667202,2.502116835,5.740613971,10.91404566,-1.607822936,-2.248988169
-4.894708648,6.885281461,-0.963080017,-2.87735809,-2.707683525,2.151137386,5.44067414,12.01017799,0.817018457,-0.610506409
-4.406856812,4.79184967,-0.723920602,-3.004317572,-3.260277415,2.445592958,4.878730528,9.769974643,0.777994566,-4.114375961
-6.705955638,3.974800113,-2.099278166,-3.900165148,-2.506271145,2.343841054,4.240331925,9.173708146,-0.357258922,-2.783962238
-4.977804057,4.868278659,-1.287481511,-3.705639305,-4.323726233,0.7567167,4.546773224,9.386151144,-1.489227209,-3.436008772
-7.853337776,6.025799044,-0.623367246,-1.124159998,-2.902942807,2.869871907,4.290927225,10.38889771,1.357673333,-4.41806575
-5.919241366,5.028128939,-1.26334644,-0.222082578,-1.334168653,1.598290515,5.857480222,9.822259951,-0.52311888,-2.889947756
7.048090054,-8.504485958,0.609470901,7.790618261,4.657364191,-7.636760017,-10.20322874,-5.694586348,7.741353239,-7.063685582
5.807646542,-10.34575324,0.503133653,8.479912068,2.797856314,-6.588850094,-11.71115675,-7.156133238,5.622202569,-7.498108697
5.51875544,-9.42299361,0.12325472,9.543224489,2.999081985,-9.285882098,-10.115942,-9.517972201,4.962373578,-7.453471553
-4.808538157,5.622881492,1.666020867,-3.33350182,-2.588747407,0.102463734,5.735486587,9.104592205,-0.419068367,-1.625715609
-5.159134547,4.361361517,-2.247225952,-1.726586161,-3.087989445,2.443500673,4.42906853,10.59854604,1.157314305,-2.849268992
6.266424048,-7.838774763,1.47989612,9.825428867,3.452582547,-7.471347547,-10.92131789,-7.481466141,5.334890294,-10.37367847
4.951721875,-10.77455105,0.618545681,11.18121853,3.487123478,-8.498308744,-9.814479073,-7.261767189,7.538104706,-10.0559142
-6.093784824,8.054215474,-0.667854615,-2.866862314,-1.669399747,1.66512291,5.404782937,9.094776186,-1.968608442,-2.373812717
-6.277102171,5.415685744,-0.225266366,-4.647721424,-2.461865616,3.496722286,4.366292501,9.21101199,0.431884724,-4.634395291
7.457128831,-8.30087937,2.80752752,8.891858417,3.124734469,-6.829302115,-9.498049015,-5.415520538,5.516217489,-9.533891611
9.272193043,-7.785226632,1.557353597,10.45815739,3.243802355,-7.243730542,-12.03073385,-9.251835652,5.639803409,-9.525131816
6.303553416,-8.681310534,1.791791014,9.201098356,3.739935219,-5.823827207,-8.578919117,-6.159679923,5.683200363,-9.287542025
-6.192143122,6.173664301,-0.589578979,-3.651631026,-3.078319435,1.928474431,3.556957712,9.516521201,1.099443894,-3.056182687
8.106666867,-10.6036487,0.9855224,8.772101729,3.124776284,-8.119965404,-8.392685799,-5.741117028,6.500047023,-9.884393169
6.291878022,-9.390784651,2.853820545,8.194965171,3.102838849,-6.915195201,-8.93155881,-7.110746121,7.493835691,-8.883536259
-5.259436791,5.540251975,-0.167822511,-2.775488878,-2.281281496,3.463257046,6.163474124,9.856927806,-1.286400958,-2.407763241
-7.045917666,5.410048358,-0.3850926,-4.718230601,-3.180498828,4.026766509,7.597128175,8.907780705,0.295127324,-2.774422655
6.468958129,-10.16391914,2.313542479,9.307701292,2.911469815,-6.885375254,-9.424766291,-7.41527451,5.254018387,-10.05252686
-6.261032265,5.988276809,-1.001894123,-2.09938961,-2.563980691,0.14444441,4.169777119,9.49217427,0.426644235,-1.852935369
-6.525993446,5.445302966,-1.883878015,-3.5658551,-2.863870423,3.407320771,6.850367511,11.13622744,0.820754164,-3.214705213
-5.496068543,5.903696204,-1.706985087,-2.083631762,-2.745783855,3.110560571,6.58144469,9.24956775,0.160008137,-4.853231232
5.624767808,-10.06229594,0.871373892,9.750969449,4.28414801,-8.275559001,-11.99459464,-7.525467245,5.561889155,-8.364741116
-6.944283706,7.677013362,-3.213250487,-3.667660862,-1.895327168,1.918903432,6.104831156,9.055060328,0.506690913,-3.465521581
5.350671386,-8.889061926,-0.17546792,9.027928159,2.892089335,-8.39043546,-9.395790818,-8.679345441,4.935929055,-9.869245968
5.961239678,-10.4632694,1.003021932,10.13880231,2.653113456,-7.651627862,-8.674815637,-6.241661665,4.050917402,-8.718678014
-6.588825879,5.671227766,-1.007628268,-2.799386441,-1.190426589,1.265801042,5.25355038,11.85125121,1.221267202,-2.429138501
6.165307214,-9.807563869,1.035297834,10.49712942,2.450571407,-7.021712136,-9.827424764,-8.952460638,6.103516936,-6.837132311
6.44018478,-9.682323054,2.027192106,8.271708548,3.037551311,-9.047955158,-11.26721055,-6.070384064,4.729805831,-8.960511564
6.130586898,-7.492003147,0.686318054,10.07734837,4.789278144,-5.537620872,-9.266648541,-5.801314299,6.952015527,-9.690455246
-4.705133138,5.518594347,-1.40656666,-1.861356094,-1.249423124,4.437329072,4.750422402,10.31208175,-0.031768737,-2.619893806
-7.505338305,5.813353625,-0.465305778,-3.528210387,-2.596420536,1.674413216,4.947940694,8.807896151,-0.210725754,-2.50647361
-5.627830345,5.534079585,0.737309845,-3.677407538,-2.489021284,1.368856197,4.91194929,8.836996649,-0.758957367,-2.267703426
5.300199083,-10.16668775,0.586150063,7.684824431,2.001405042,-7.117037444,-7.175845817,-5.580758709,5.187321013,-9.153302127
4.297716135,-10.71496165,-0.109470586,8.230143121,4.876566634,-7.754089872,-10.136107,-7.352685902,4.427106578,-8.720481698
-5.192487736,5.873048139,-2.120071065,-1.520316044,-2.691329252,3.228305571,5.25634024,7.507927267,0.631439311,-2.83330201
5.831183191,-8.781529697,-0.719951955,8.608574852,4.1669213,-7.069274162,-11.56654654,-6.73441098,4.841950202,-7.997166629
6.070316914,-10.10323892,1.112823341,7.900559831,3.509522701,-7.130283005,-9.617239127,-6.166639618,5.136443721,-7.525166879
7.432999982,-9.419172784,0.391592106,9.605390045,4.429617435,-8.020758693,-9.533550651,-7.325295971,6.895123345,-9.456423638
7.306344757,-11.30378919,0.098521326,9.84301637,4.255198418,-6.731330103,-10.54665523,-6.895766734,6.623350389,-8.858177282
-7.802145021,4.390206632,-1.058804155,-2.217640718,-3.626017193,3.293776081,6.033450938,8.123532224,0.872326979,-3.163068119
-5.012838468,7.15499427,-1.977959705,-2.645932258,-3.271806771,1.98116323,3.510636764,12.09358155,1.72031051,-1.766387894
7.525404132,-9.634810341,0.373354375,9.679824694,2.702302368,-8.133075898,-10.38918742,-6.105209339,5.770123699,-8.247103626
-6.761998892,5.943264032,-0.69434721,-4.009991045,-2.134604858,2.87861857,6.214035,9.643610523,0.388117553,-2.493635441
-6.788618755,4.137784191,-1.717789018,-2.334990004,-0.978735555,1.682133762,4.739790049,9.268782456,0.178568861,-2.125033592
6.810065575,-9.746097696,2.478090688,9.976993482,4.033220469,-8.646812841,-9.11558711,-5.925184461,5.316162095,-8.735964818
-5.080398677,4.600761703,-0.86978228,-5.673473203,-0.632335469,1.950314973,5.294679015,8.105044026,-1.385854575,-3.871541864
5.956163696,-11.08052288,1.118719724,9.096031724,3.918419964,-7.290676136,-9.385466087,-7.973969423,6.030602428,-8.915635848
-5.063145688,4.407935592,-1.446205397,-2.908603207,-4.247414002,2.959477146,6.619851193,10.42609692,1.331932013,-2.424780035
-5.909633012,3.890657947,-1.033600752,-1.966106469,0.828471814,1.385719603,4.447798599,11.30443994,0.218240701,-3.642573178
6.80495269,-10.92072579,0.820175156,8.798893131,4.593350913,-9.089929857,-9.833774116,-7.250714055,6.981382078,-7.750876815
-6.148032604,5.994545419,0.068515715,-2.717956151,-2.526898048,1.364470287,4.862412603,10.95955973,-1.475632828,-3.896315355
6.430381257,-9.77835585,-0.337860103,9.837554773,4.773702736,-7.494463593,-9.466350221,-6.00867511,7.328424475,-10.34055109
6.076078061,-8.705511183,0.970986708,7.214415038,3.981504939,-7.255234438,-8.738732247,-7.269113602,5.611802323,-9.374342477
-4.523813343,2.758118185,-0.800134239,-3.066844432,-2.081966535,1.122417952,4.537737397,8.612141179,0.43184526,-1.975539011
-6.614165503,6.326062897,-0.492597612,-1.302127979,-1.707984974,2.762991192,7.027696018,8.964886208,0.160081867,-3.072363543
-5.857619095,5.021232231,0.632844526,-3.247795211,-2.704413986,1.134835137,7.037256949,10.69121442,1.150662433,-4.649364178
4.678839915,-9.84306049,2.210257353,9.105923132,3.167755864,-8.231372997,-10.22782396,-7.576243928,6.016577547,-8.690240831
3.570630355,-9.482078826,1.369294943,8.827793717,4.045959876,-6.64850721,-10.68254008,-6.637344398,4.643614879,-9.383693371
-6.788485565,5.479391026,-1.974117428,-3.335453652,-2.005598961,1.590050924,6.580545067,10.59389705,-0.589658472,-4.312569915
-4.2675491,6.942891869,1.188391751,-2.834031573,-1.465917192,1.910992127,6.723376626,10.05198048,-0.095358637,-2.467599619
5.963543305,-9.582838041,-0.222318624,8.664189197,3.245246718,-7.547884892,-9.617061497,-7.31904131,4.341341439,-9.908107602
6.298087539,-9.065803025,0.553763357,8.405460956,3.836899605,-7.636497,-11.30362868,-6.551627859,5.021768139,-8.351251821
7.458960769,-10.05974091,2.639279242,8.336769636,3.531492377,-8.095241158,-7.992570037,-7.050266733,6.421730181,-7.519073731
7.17040053,-7.877136182,1.940658333,8.92638401,3.076545485,-8.192312024,-9.979704792,-7.730818974,5.387446755,-8.763616978
5.11894937,-10.3458989,0.741306209,10.42485759,2.666123459,-8.632592262,-10.05575068,-6.160378702,6.163831414,-7.153146344
-5.587292415,5.801432635,-2.154730495,-3.085214721,-2.631177571,3.275294613,5.340157479,8.856948577,1.51014088,-3.339189689
5.998806016,-9.343273399,-0.293031036,9.848789325,4.294453873,-8.053274116,-9.202830351,-6.328618268,5.386006524,-8.872057724
-6.787503682,5.216459554,0.526535259,-3.13136062,-3.182772797,0.771843071,4.832139082,7.760194644,-0.095761888,-5.189478752
6.197801612,-10.54572721,0.681529368,9.1280581,1.326743664,-7.471571154,-10.24783435,-7.805289838,5.738296528,-7.787488159
6.212249503,-8.924792915,0.519794914,10.08659539,4.330222324,-7.385078005,-10.14038599,-6.275229448,5.615822397,-9.903050974
6.984487072,-10.62277716,2.643441215,7.710776634,3.171050291,-9.026254916,-9.050401598,-6.733653224,4.728185591,-9.035005011
4.66671423,-8.11671614,0.287941456,9.820515092,2.785495447,-7.838600195,-9.728895537,-6.162516459,5.009100773,-9.262496676
-5.042100526,3.839881992,-2.903578216,-2.974792468,-2.445380048,1.612797691,3.629529443,10.46321256,-0.412611026,-3.477204966
-5.676274938,6.229743852,-1.850527634,-1.838137079,-2.201539067,3.058626638,4.596307472,8.070515482,0.477261378,-2.979841053
5.815928015,-7.719557106,-0.752099625,9.919777799,3.138327449,-6.619396791,-10.06822351,-5.908299665,5.232760464,-10.22646195
5.783886205,-9.632359479,1.759551978,9.227136497,4.383310161,-9.227004315,-9.242504174,-5.542674866,4.51930749,-8.179447887
-4.311586574,4.560256496,-2.042236824,-5.100025034,-3.021831539,0.975394539,6.31938783,9.498701859,0.481342457,-2.397145605
5.923944826,-9.253444268,1.898550631,8.999307223,4.681358411,-8.020780252,-10.86441759,-5.950733445,5.3922435,-8.854562214
-4.653052885,5.207041263,-0.875622711,-3.448667498,-2.448628431,2.349866904,5.862218569,8.436275071,-0.203277595,-4.564388124
4.976707283,-10.1740737,0.808724087,8.906584907,4.084958289,-7.392655745,-9.364935595,-6.830657318,6.620061293,-9.65055801
-4.208632825,5.99796967,0.640058845,-2.792656217,-2.666964376,1.072762916,4.795838274,9.22127948,1.609982806,-3.25175462
4.77798727,-9.860362434,0.757047847,10.16767632,3.780505545,-7.005184832,-9.685598429,-7.231129513,4.470182444,-9.533687571
-6.053151495,5.770060613,-1.181369443,-0.30567373,-3.968506437,2.295408842,4.950865649,8.72539417,-0.387599461,-3.581511164
-5.907029896,5.562860078,0.066487407,-0.571995405,-3.661579228,1.719403212,6.058357829,10.17905048,-0.71678011,-2.7767161
5.091200666,-10.4798137,2.737441952,8.532536009,5.576175717,-7.991633384,-10.19408645,-7.143407553,6.414247697,-7.792224075
5.700353099,-10.42429183,2.128875024,9.990567202,3.773879186,-7.082945328,-10.7148541,-6.859642121,5.134387392,-8.980670557
6.311686309,-10.4962113,-0.331726154,10.78953988,3.321885478,-8.461474741,-10.75618252,-6.66943003,4.993881307,-8.016003424
-6.799965418,6.835769369,-2.468744595,-2.99060872,-2.648527744,1.441773705,5.318679563,10.62533466,-0.50484667,-2.581158369
-6.155118228,6.451881744,-2.610652805,-4.414387151,-2.870013774,1.250429211,5.223559238,10.06839853,1.633700192,-2.967407644
-6.350239204,4.784149805,-1.381858807,-3.074259716,-2.947969446,2.439003048,4.613596705,7.206720514,-0.23183798,-1.570982713
6.864446502,-8.216599817,-0.198226122,9.319299156,5.147992171,-7.758116124,-11.24089912,-7.070257752,5.998500862,-8.613263861
-4.910680058,6.09227546,-0.651331514,-3.680454167,-2.076951038,0.521823766,4.182830548,8.567227522,-0.671649061,-3.693956921
-6.692156933,5.825050379,-0.764787087,-2.680940627,-0.406260076,1.794522181,5.052586006,9.620055215,1.675084805,-2.91929276
-6.903947965,5.580045695,-1.770165721,-3.246752027,-2.789762953,3.949198867,5.309169576,8.459838847,0.046665943,-2.806420066
6.880512681,-10.89987616,-0.400664179,8.641484747,2.536929605,-9.130853973,-9.189678195,-7.796399912,6.09571435,-8.669343249
-5.483466019,3.737776158,-2.040093895,-2.795264251,-3.635687736,1.908507108,5.655432139,8.202445056,1.213065537,-3.470457485
-5.833136316,5.23934713,-1.13678673,-2.261347165,-1.567057709,3.864908256,4.340727297,8.102569629,0.364091205,-4.204500913
-4.469981418,5.995668972,-2.346274524,-3.221004587,-2.796993692,1.779357451,5.556213339,8.438407227,-0.613727166,-0.679810283
-6.727064722,6.282618345,-1.338847626,-4.300079897,-2.697663345,2.004015403,5.487736025,8.927115137,-0.947164857,-3.3326494
-6.225973216,6.516514163,1.032470209,-3.136545401,-1.273129824,3.946823561,6.356848103,8.884634351,0.658088838,-3.688362089
4.22979465,-10.01331896,1.488527525,9.207828721,3.919352072,-7.518990993,-10.61882198,-4.630212054,5.6400955,-8.333365679
5.273731709,-8.568989353,0.449054232,9.410624208,3.422507038,-7.301685088,-9.456504545,-6.659555734,8.355299345,-8.234932034
-3.693846508,4.544780279,-2.02806356,-4.589588168,-2.519449223,1.916759918,4.892748977,6.87154463,-0.346326512,-3.421468947
5.041258992,-9.50601723,0.186810133,10.24596719,4.337032321,-8.253580336,-9.112315846,-5.823949163,6.085593554,-8.963151701
-5.466984976,6.638678315,-0.510407012,-3.616305622,-3.051836292,4.795739303,5.458888557,9.47980418,-1.141953519,-1.869260453
6.094118568,-9.467958663,0.880799947,10.13364419,3.581598409,-6.139153057,-11.73280082,-6.885630397,6.019459338,-8.003774002
7.819135377,-10.99197605,2.238517732,8.667506288,3.735749873,-8.137310742,-8.781284241,-7.594863586,7.943686701,-9.400910758
-6.106635941,3.642174325,-0.612124543,-2.67739871,-2.312136258,0.782033046,5.615600082,8.629479377,2.088556746,-2.83317294
-6.544611619,6.491380595,-1.248537699,-5.026379534,-2.29773768,3.036317841,4.982724542,8.409136926,0.32480339,-1.735250705
-5.883435756,6.178770778,-2.249315448,-1.861623447,-1.778469172,1.796261861,5.656074786,9.001553599,1.807921927,-1.116144666
-6.052913089,4.087421001,0.110698013,-3.082119835,-2.174151359,0.983155015,5.24039686,9.387705337,1.577599666,-3.396682787
-6.024083688,5.130309223,-1.045552121,-3.983211288,-3.55356737,1.832776996,5.830719351,9.279556832,-0.062382923,-3.91047566
-5.843950579,5.166336148,-0.981619103,-3.648846265,-3.544460808,2.969647514,6.475460504,9.090026421,-0.45289082,-2.238776773
7.620827894,-10.02884794,2.391066048,8.038316695,4.416570326,-6.857903304,-8.937325689,-5.953254684,5.095864818,-9.312463959
-5.653887703,5.321384955,-1.789410455,-3.584150675,-2.236475011,1.451221636,5.229441019,10.26785567,0.915479078,-2.546026617
-5.208367771,5.840642382,-0.17825646,-4.306820236,-3.395196541,2.811546152,4.243258824,10.12591717,1.771762924,-3.9491446
-5.691837836,5.643466366,-1.30231303,-3.016408171,-3.430682467,2.964671355,5.753976532,10.01668799,1.312923335,-1.692920521
4.621673674,-10.00409177,1.251173023,6.878960484,3.412585132,-6.725071705,-10.00186885,-6.589576648,6.046596412,-8.350634315
-5.996333365,5.021216808,0.043918278,-3.6655146,-2.671840183,3.884709336,4.158972555,8.891526209,0.851347033,-2.531119406
7.682480122,-7.885895826,-0.114364309,8.785632109,3.411661128,-9.468187297,-10.1243634,-7.55305781,6.521186388,-9.145385041
-6.123823877,6.06525409,-1.401226966,-3.330100837,-1.438201332,2.450099597,6.188858993,9.468859935,-0.938742151,-2.047344214
-6.275261508,5.515016281,-0.765746398,-3.654480111,-3.848359284,1.213768311,5.515197403,10.40439968,0.577210279,-1.636532772
7.639998469,-12.25112575,-0.262186532,10.61661491,2.666056398,-6.241801818,-8.377243654,-7.211731252,5.261874596,-8.711997761
-7.73170889,4.513804821,-1.035016357,-3.77606743,-2.421918108,1.835673231,4.932442606,8.944238664,1.300497194,-2.884261546
6.086121302,-7.675940976,2.290002835,11.01047149,3.339717891,-7.915015866,-9.669673309,-7.323078012,5.416061413,-9.605312835
6.49924244,-9.603641944,1.011119805,8.535700733,5.220361092,-6.016402449,-9.731770395,-5.518258173,7.043401577,-9.353267147
-5.891052976,6.380170468,-2.084277102,-4.572744961,-2.10209173,1.120562247,3.691019782,8.004422658,0.081268003,-2.054629561
7.072161894,-11.2607911,0.294081934,9.254972835,4.862481852,-7.382717676,-8.323615461,-6.120174365,6.963463325,-9.580784571
-6.224337091,4.831673467,-1.288635689,-2.27014952,-2.480736852,2.374759139,6.155109323,10.29005219,-0.594549156,-3.909373882
6.647931617,-8.683781372,0.511089615,9.608684318,3.998678763,-7.902019409,-9.966713529,-6.888968928,4.668721757,-8.780453777
-3.668820191,4.005601203,-0.253603582,-4.660134293,-2.658745665,1.884949629,4.372440251,9.812975657,0.039643201,-3.831088326
6.349066998,-8.866261659,1.79074241,10.79496823,4.450148951,-7.151398742,-11.98896916,-7.736759619,5.376959206,-8.957424686
-5.514880376,5.357484827,-0.838544825,-3.929354394,-4.324233072,2.193944875,5.646805998,8.956095337,-1.010569571,-2.301172621
-6.627847334,4.717218065,-1.100248361,-3.084435386,-1.487634555,1.969127948,4.322268128,8.888479467,-0.266095367,-3.72448459
5.611128088,-8.605003695,0.72804508,7.649897936,3.283880136,-7.94611687,-9.010279711,-6.360322062,6.317511273,-9.693837397
-5.355764994,6.189209573,-2.027880853,-3.729250255,-1.394091345,2.806532574,5.391477759,10.63098519,0.433561437,-2.571784561
-4.15205483,7.004818014,1.419838258,-2.318536442,-1.688293218,2.971061177,4.536216858,10.15813541,1.418643471,-2.14431877
7.064948717,-10.31085129,0.511995276,9.639291055,4.581129833,-7.06553482,-9.887060103,-5.813858464,4.256987211,-10.14834493
-5.449599922,5.325739643,-0.903197353,-3.706680922,-2.730885913,2.380566946,5.734968732,9.700449629,0.914019494,-2.211500195
6.465188599,-10.12370604,-0.56515275,8.200550965,2.866452053,-8.086183934,-10.62843632,-6.168091924,4.659598871,-11.28907462
5.976053209,-8.792624419,1.262402445,8.271429988,3.740825568,-8.449073321,-9.137164721,-9.534803108,6.083420071,-11.08136213
-6.02839313,3.858078357,-0.885334623,-3.335944012,-3.145906095,2.977478143,7.229180105,10.34960976,0.918301344,-1.838264906
6.890934528,-9.641575942,1.264692432,10.82263247,3.041413507,-7.749976777,-10.17309458,-8.213892855,6.894335602,-8.319768306
-4.671972917,5.32576513,-0.204640674,-1.909903374,-2.070351311,3.21496696,7.168192549,7.302250351,0.290893052,-1.704451307
-6.005105161,5.350796889,-0.580109946,-2.472218134,-0.928870891,0.956609766,6.829061673,9.734848699,-1.226575927,-3.964074939
5.73242457,-6.858968943,-0.890451858,8.918634522,4.195543596,-7.735064967,-8.756461098,-6.580852917,6.931654067,-10.64854566
-5.880093068,6.373363448,-3.116995598,-4.04499512,-1.471006685,2.030180024,5.773000619,9.592733076,-1.385790352,-3.902206865
5.476552885,-8.307677132,2.033754643,8.609173647,1.378732954,-7.239300839,-10.20759806,-7.461054441,6.579540864,-7.043738091
6.540492686,-8.898700109,1.226459436,9.881735334,4.124994529,-7.831145774,-8.814119334,-9.047820956,4.807572542,-9.256738139
-5.640679749,6.082917037,-1.458213869,-2.186304063,-3.152376864,3.195186912,4.831202608,8.424286891,2.537682239,-2.914443063
7.450074555,-9.612447413,-0.80850095,9.318086333,6.019171762,-6.624581636,-10.60864508,-7.661372289,4.508022128,-8.449011636
-7.727100272,3.99273681,-1.983853803,-2.792560964,-0.990381687,1.811004358,5.083274305,9.677117877,1.844360815,-2.825678272
-4.254884117,6.875791146,0.793376684,-4.34069126,-1.015445781,1.341760246,5.706533683,8.928212668,-1.492771773,-4.009067207
-5.431748448,4.901747289,-2.130179644,-1.705068589,-3.297328551,2.034969734,5.892775544,11.38486356,0.888626358,-3.049078622
-6.298773479,7.491536365,-2.01463453,-3.142824007,-2.28711064,0.767575336,6.887569231,8.959618549,0.884143715,-1.493256961
-6.612251141,4.909916695,0.287586129,-5.068010271,-1.652483443,2.384901504,5.519365362,9.465897525,-1.947855393,-3.677873837
-5.020476421,6.374608823,-0.921730677,-2.905969893,-2.596269581,0.452656389,7.05459439,10.35550167,1.01806379,-3.070048282
-6.226370861,5.465093836,-3.087834157,-3.059317989,-5.180635038,1.778725065,5.153510841,12.10665,-1.178628304,-4.092157302
6.277374614,-9.613929334,0.080306923,9.917507144,3.37479185,-6.169619231,-9.582964654,-6.715476397,7.721604808,-9.795573463
4.297239749,-10.82471748,1.407606468,10.04415088,4.961720741,-7.442364144,-10.19985532,-7.526124042,4.316292568,-8.779819005
5.348560812,-9.339453554,2.316474752,7.660633675,3.074619537,-8.709894099,-8.680440568,-8.595995999,6.025264598,-8.595678098
-5.596041403,5.017613968,0.117353406,-1.84611543,-2.166723025,2.393663751,6.915730626,9.936665107,-1.120251467,-2.330505793
-5.840680121,5.957297069,-0.731191666,-3.604774243,-1.576314078,2.175338209,4.458228798,8.647655735,-0.105116233,-3.493095367
6.366772254,-9.618848063,2.962939,9.873682001,3.907536962,-5.222709214,-9.396374981,-8.931776782,5.081578605,-9.554943958
-6.483330845,6.177132663,-1.062286941,-2.919359856,-2.263276348,3.347170653,5.044719947,9.873913953,-1.912229763,-1.796080963
-4.50602028,5.674778877,0.037501026,-4.130063827,-2.992839779,1.732361556,7.265212982,8.436787415,0.379006115,-2.423575
6.72884837,-8.776179457,-0.383814536,8.283987636,2.768034987,-5.937468571,-8.48805258,-7.212225442,6.439303024,-8.142573439
7.023074704,-9.414863814,0.624078527,9.032799487,1.623590499,-6.451218931,-10.27725809,-8.836715934,5.478412547,-8.876021653
-6.648064083,5.412121594,-0.363095523,-1.492565433,-2.198611911,2.760174033,5.554773947,9.565550773,0.897002228,-3.96214119
8.866816201,-8.747779736,2.091257177,9.555631235,4.019304227,-6.925994984,-9.354268256,-6.624807888,6.041569971,-9.714082795
-7.275363732,6.398920434,-0.977180538,-2.371936534,-2.026376551,2.837740887,5.025878605,8.177207317,0.459041868,-3.665878143
5.775580548,-10.88982372,1.149345153,9.682199936,6.682358258,-7.89490865,-10.20922438,-5.43202387,4.904763977,-7.88384395
4.422789617,-10.8932027,1.272837257,9.188399853,1.698623193,-8.077692417,-8.222135638,-6.638363781,5.603491391,-8.371272608
6.975693376,-9.015512047,1.07098695,10.1357738,2.862620188,-6.763933328,-9.613375838,-7.425856713,4.950466627,-9.936432129
-4.897352903,5.02854863,0.016204781,-5.100247607,-3.203071372,2.171460973,3.651661019,10.31330501,1.641553974,-2.402711099
5.623705938,-8.549156401,-0.006084336,8.711748189,2.463721349,-8.075733441,-9.955934581,-6.841399389,6.711117342,-8.686912877
-6.434306197,6.340449384,-2.061136197,-2.686879889,-0.745655332,3.974635506,5.775284333,7.920232942,1.655817259,-3.746005038
-5.492024159,6.444501175,-1.78247275,-3.183795722,-2.485179827,2.088904687,4.128039083,10.38907814,-1.129590102,-3.134253305
7.432367614,-9.280388331,0.732326148,9.423442373,4.729261849,-7.994100071,-10.4487056,-5.855284382,6.03820107,-8.722606348
-6.454205587,5.956600942,-0.473190573,-1.188439202,-3.125710734,1.099301587,4.86366775,10.72613151,-1.173681332,-2.699720032
5.847586432,-8.674617707,0.45204679,9.280417388,3.550072729,-9.433941165,-9.436382581,-4.899704371,3.906884029,-8.754007656
5.751631132,-9.944526811,1.805949475,7.239735025,3.677768866,-7.651423633,-9.366462029,-5.393463001,5.386752035,-8.17719275
5.230102022,-8.898237022,1.462611643,8.550440076,4.195338999,-7.366598772,-10.21882435,-6.817222027,5.653171796,-8.833323452
-5.913306072,4.790815365,-0.826936313,-3.95079056,-2.990666534,2.796282677,6.094475714,9.187426815,0.488596952,-3.759519433
-6.601364995,6.004645002,-0.36085633,-3.114244725,-3.209551961,2.042558713,5.118931311,9.870062767,-0.455035272,-2.333168904
6.263561902,-9.45910441,2.810244334,8.923819782,3.325901989,-8.500793695,-10.16305398,-7.135829717,7.663826599,-9.779422834
5.834314737,-9.014911534,0.451728114,8.505447637,1.798162173,-6.954742112,-7.977419902,-8.025610787,4.960433056,-9.165467931
-5.52716299,4.71717583,0.642674157,-3.974685969,-1.017487535,0.816694871,5.126335101,8.791119482,-2.247203164,-2.042111419
4.740249446,-8.280762028,-1.28757728,9.828241502,3.635342863,-9.219144194,-10.76279559,-5.83710827,5.158959793,-6.656183064
-6.203351561,6.432588746,-1.710202859,-2.549442249,-1.201072993,1.794778218,3.520478535,9.837920032,-0.257489488,-4.670432969
6.075467677,-8.921240188,1.097742915,9.545636809,5.033511938,-9.077523377,-8.538190254,-7.53227084,5.067527942,-8.241146639
-5.606329205,5.38440237,-1.574498285,-4.816382254,-3.723031546,2.521344401,4.411201109,9.62477652,0.247941698,-3.82554289
4.474824901,-9.907589127,1.467312532,9.039294485,4.609489332,-7.792159379,-8.654609503,-7.585632688,6.872493382,-8.525521023
-5.917310165,4.460808621,-0.531070525,-3.546418797,-3.324375978,1.675686853,7.335309185,10.57095529,0.719777448,-2.806620573
-5.84826101,5.659548424,-2.600925957,-4.132256363,-0.613977337,1.754631396,5.351891736,9.636274695,0.08171076,-2.213121807
-7.05138629,5.729496932,-0.884956112,-2.593543711,-1.626858008,2.798203988,3.371286024,10.49927349,0.118629122,-4.064074436
-5.717928179,5.772142148,-1.396332083,-3.382462568,-0.854833814,3.822925194,4.027250594,9.556697644,0.737617031,-2.027575383
8.099649378,-10.01986885,0.608546655,8.954360723,3.908258365,-8.088871048,-9.321400499,-6.889948535,5.264585277,-9.145183438
8.08028773,-11.05347177,2.590931999,9.758566985,3.234027605,-8.489658831,-10.88815976,-7.879533867,8.720169003,-10.27653924
7.808018311,-10.0918533,0.306679167,9.617055363,3.878869059,-6.172994896,-10.35538335,-7.086116346,6.273323089,-7.98096108
-6.086211081,5.649831567,-0.554282856,-4.988630221,-3.496384817,2.178849217,5.267424351,9.495955375,1.989605149,-3.897206148
7.432462188,-10.86180882,-1.383388377,9.502905303,2.993220145,-6.923179572,-9.345193654,-5.58083019,5.952720393,-8.528260353
6.452815399,-8.362378657,1.198277244,8.691418973,2.408815171,-8.047782037,-9.995864683,-7.563658552,4.403302662,-8.432544665
6.977073521,-9.534681932,1.867721651,10.91877811,3.083711469,-7.315142922,-9.155293214,-8.600078554,5.829806332,-8.937261674
6.723413116,-8.755757774,0.189102589,9.253201136,4.207645418,-9.121612681,-9.465954075,-6.201915829,4.896647924,-11.64675005
-6.378057045,5.808870276,-1.098668135,-3.722096148,-3.645159853,0.6878986,5.359211293,8.786731501,1.547977348,-3.565301331
7.045641527,-8.630334477,1.430420465,8.655371677,1.743373544,-6.677977479,-10.50644387,-7.598156173,3.533717281,-8.805477925
-6.665458413,5.264153062,-1.870310468,-3.613434005,-3.264324995,1.035641586,3.63113947,10.50630639,0.934756197,-1.411312272
-6.213606007,5.472453443,-0.543026624,-5.242661067,-3.911348407,3.558886704,4.487249036,9.341792314,1.96413269,-3.083828161
-6.587391277,5.492830058,-0.730648156,-2.581965314,-1.301352261,1.707439384,5.305452732,10.18069856,0.241459728,-2.469659903
-7.067648349,6.045063015,-0.01243222,-4.471505076,-1.272567478,1.638561434,4.699041495,9.460332165,0.688707559,-1.811319753
-7.615094483,5.370335503,-0.196165183,-2.29255713,-3.545810234,2.700687315,4.543265758,11.06501843,0.082319554,-3.53491106
5.091015755,-10.87081925,1.053647314,9.088539389,3.063317893,-7.796484736,-9.993390221,-7.016765525,5.614309707,-8.48310928
6.006176469,-8.943900357,1.222995652,9.949349015,2.647839399,-8.488697236,-10.09658204,-6.462276927,5.640520326,-6.707290318
6.245968279,-9.384232986,0.748160878,9.631240669,4.362344852,-7.210245239,-9.073682167,-7.531963361,4.828276918,-10.50695618
4.848157563,-9.723881679,3.711150748,8.27198499,3.798260382,-7.620112741,-8.708654501,-8.256867729,5.689247886,-8.484079791
-5.579853911,4.085259741,-0.66629966,-4.44777022,-1.731068411,0.762267257,5.128889196,10.11346215,1.808385322,-3.189022556
6.304221409,-10.65208598,-0.448680822,9.719978465,3.760059634,-5.375889391,-9.965120377,-7.707041194,4.678223714,-9.170710795
6.422315666,-12.22259701,1.148849583,9.018324065,3.14477646,-6.422626506,-10.33409938,-6.911982608,5.479288875,-9.589178635
6.45775588,-9.914265759,0.300377214,9.438348091,2.85148702,-8.214527817,-10.70527848,-7.911613276,5.399324846,-8.434211481
6.050649463,-9.256363732,1.660780948,10.09253541,4.614397861,-7.656995097,-9.700417928,-6.993665939,6.016813679,-8.742336688
5.545712116,-8.35814301,1.158345996,8.663216968,3.201676966,-7.623548783,-9.52755929,-5.524190613,6.455136362,-8.289817424
7.717783265,-8.188284083,-0.774397881,9.407749183,4.30113622,-8.822269362,-9.55198401,-5.85222166,6.52384059,-10.19118539
-5.259226006,5.233511327,-1.715057638,-4.726993111,-0.581281139,1.108898081,4.352275586,8.642758169,0.54559084,-3.953906372
-4.834788754,5.427959067,-0.543698559,-2.41317932,-1.866059416,3.783082502,4.474710863,7.114308768,0.765210071,-1.508952093
6.222340594,-10.19324248,0.67275355,10.10809397,3.87897849,-8.174925973,-9.88753074,-5.181468556,6.066045148,-7.503265669
-7.45547126,5.096091799,-0.557150265,-4.488813412,-2.302193384,1.687886527,5.449019925,8.06309005,0.438739452,-2.339881735
6.856451992,-8.99338331,2.012403248,10.70281537,2.10531747,-8.460659645,-9.53010543,-7.968048393,4.369151353,-7.791112924
5.627906843,-10.03142152,1.540618172,8.836165719,2.922652656,-8.886032044,-10.37811703,-6.268493496,5.425749503,-8.493466706
-6.375135113,3.386033191,-0.589135497,-4.767459552,-2.45548358,0.145763132,5.381671109,9.921265584,0.376749561,-2.954844225
-7.187604185,4.252055703,-0.867553011,-4.710643621,-2.437786342,2.371447027,5.277761038,9.656491583,0.679375032,-3.780159678
-5.37964993,3.946995305,-1.10104169,-2.922537866,-3.04055685,-0.131441841,6.065646819,9.070543331,-0.835402886,-4.48371854
-7.127723268,6.937311294,-0.787145799,-4.170668408,-1.74322428,1.585327936,6.443273257,9.756657446,-0.379271062,-4.410951946
-4.691906477,4.685302737,-2.256434336,-5.313749496,-1.971098996,1.782691739,4.349260103,10.07282785,-0.486552239,-2.219356682
-5.37346081,5.40290915,-3.471372279,-4.807411786,-0.550040801,0.706970427,5.372753333,10.08875736,-0.756734439,-1.563721008
-6.10775464,4.221617964,-2.248984968,-3.722657812,-2.77358635,4.533746324,5.307734696,9.780696844,-0.464803262,-3.854035446
-4.666673562,4.324554563,-0.495969557,-3.24165458,-3.575056504,1.311974866,5.101262098,10.79695086,2.745294988,-3.020866758
5.697882165,-9.869777258,2.047084681,8.364314344,4.921752379,-8.110871745,-10.50118733,-6.770145384,6.095336913,-9.211671204
-4.565231732,4.836427287,-0.834849792,-3.998755113,-3.116676786,1.424177034,4.823477824,9.578077991,-1.936556888,-1.324273156
6.622706278,-8.920647036,0.950829125,8.079649144,3.548998452,-6.888057551,-7.691901876,-8.060189888,5.570060553,-7.891363502
5.583332008,-7.469916121,-0.074006061,9.734189665,2.641197088,-7.35620154,-11.03007776,-7.912763087,6.415252729,-9.242189049
4.121319332,-9.199681629,0.91590887,8.38827184,5.031302193,-6.983462829,-10.72200298,-8.421232896,5.118788721,-8.396824528
7.363803172,-10.07180821,1.003847516,9.269168961,4.515578681,-6.703070683,-10.1219128,-7.462306767,6.162368314,-8.715727732
6.695182023,-8.385734927,1.211400442,7.437198615,5.207558889,-8.598907109,-10.21666891,-7.611930309,5.313681819,-7.892469937
6.422730179,-10.43658678,-1.158241122,6.586932614,3.67410462,-7.932861409,-12.77140728,-8.184866814,4.026710437,-9.973601493
6.955612515,-9.107223609,0.198447996,8.398677121,3.256924532,-7.279018065,-8.639346886,-6.651391356,6.927180077,-11.46407843
-8.480308779,5.233530962,-1.529023713,-2.510829127,-3.193083593,2.840540661,4.252274872,9.130238841,-0.379609969,-2.575533797
7.770681952,-9.761734029,-0.545808031,11.19015506,3.835996967,-7.378262366,-9.152843908,-7.859702828,7.203830311,-7.064137957
6.449188922,-8.930096732,2.139361337,9.683643627,6.430569021,-5.948955879,-9.524799583,-8.206215396,6.922479381,-9.601151843
-5.110625226,4.539059711,-0.853963014,-3.140216251,-3.055961708,2.378360748,4.053496375,8.483984916,0.566001923,-2.240285612
5.164997269,-8.386186333,1.770368314,10.02998577,0.645948069,-9.811542811,-10.95247401,-6.989691655,5.546206016,-7.579032586
4.80632392,-9.237337753,0.356831308,9.611378859,4.678786275,-7.983267606,-9.915583117,-6.026086628,6.662771952,-9.671220143
-5.773596215,4.415652405,-0.91483951,-2.595233978,-1.927622864,1.634367949,3.056610334,10.62651623,1.44679345,-4.542223406
5.889896667,-9.299631885,-0.01649105,9.083621866,3.794403477,-5.452362686,-9.772954885,-7.031346416,5.836641589,-10.11590727
5.691796433,-8.018737179,-0.448614707,8.849946028,3.858277063,-6.508915719,-10.27763034,-7.652075851,6.828957396,-9.347744723
-6.918392545,5.864309488,-0.937256358,-4.416426867,-1.895003393,2.677215473,6.394835793,10.26620664,1.143935424,-2.004996674
